Promoter Sequence,Observed log(TX/Txref),Normalized Expression
CTGATAGCTAGCTCAGTCCTAGGGATTATGCTAGC,-2.833213344056216,0.20806359040272607
CTGATGGCTAGCTCAGTCCTAGGGATTATGCTAGC,-3.044522437723423,0.22358156359220735
TTTACAGCTAGCTCAGTCCTAGGGACTGTGCTAGC,-4.663439094112067,0.3424704615277079
TTGACAGCTAGCTCAGTCCTAGGGATTGTGCTAGC,-5.087596335232384,0.3736194318895589
TTTATGGCTAGCTCAGTCCTAGGTACAATGCTAGC,-5.545177444479562,0.40722296149673165
TTTATAGCTAGCTCAGTCCTAGGTACAATGCTAGC,-5.958424693029782,0.43757073126062435
TTGACAGCTAGCTCAGTCCTAGGGACTATGCTAGC,-5.981414211254481,0.4392590198300307
TTTACGGCTAGCTCAGTCCTAGGTACTATGCTAGC,-6.434546518787453,0.47253584136928145
TTTACGGCTAGCTCAGTCCTAGGTACAATGCTAGC,-6.738152494595957,0.494831850078602
TTTACGGCTAGCTCAGTCCTAGGTATTATGCTAGC,-6.811244378601294,0.5001995220357295
TTTACGGCTAGCTCAGTCCTAGGTATAGTGCTAGC,-7.077498053569231,0.5197524779357742
CTGACAGCTAGCTCAGTCCTAGGTATAATGCTAGC,-7.172424577124845,0.5267236272693975
TTGACGGCTAGCTCAGTCCTAGGTATTGTGCTAGC,-7.264730177929867,0.5335023030645205
TTGACGGCTAGCTCAGTCCTAGGTATAGTGCTAGC,-7.304515946460155,0.5364240632153082
TTTACAGCTAGCTCAGTCCTAGGTATTATGCTAGC,-7.490529402060711,0.5500843925783137
TTGACAGCTAGCTCAGTCCTAGGTATTGTGCTAGC,-7.5126175446745105,0.5517064865399971
TTGACAGCTAGCTCAGTCCTAGGTACTGTGCTAGC,-7.68662133494462,0.5644848582864219
TTGACGGCTAGCTCAGTCCTAGGTACAGTGCTAGC,-7.842671474979457,0.5759447621043294
