Promoter Sequence,PE-Texas Red-mean [au],Average [au],Std Dev [au],Blank Corrected Fluorescence [au]
GGATCCCGGGCTCTGTAATTGTGTACAACTAGGTGTCTGTTTACAGCTAGCTCAGTCCTAGGTATTATGCTAGCGCGATCAACAATATATCTCACGCGACTGAATTC,112.791389465332,99.82412338256836,8.65912386482089,35.28004169464111
,95.89997863769531,,,
,94.80088806152344,,,
,95.80423736572266,,,
GGATCCGGATTATAGACCGATGGGCCTTCACCCGTGCGATTTACAGCTAGCTCAGTCCTAGGTATTATGCTAGCAGAACGGGGCCCCCATGTCTTCCTGTCGAATTC,143.7232360839844,134.94430541992188,7.116172906543144,70.40022373199463
,129.9955902099609,,,
,128.3910369873047,,,
,137.6673583984375,,,
GGATCCCGGGCTCTGTAATTGTGTACAACTAGGTGTCTGTTTACAGCTAGCTCAGTCCTAGGTATTATGCTAGCAGAACGGGGCCCCCATGTCTTCCTGTCGAATTC,254.4881134033203,249.90106582641602,25.396838739547213,185.35698413848877
,268.8009948730469,,,
,263.4649963378906,,,
,212.8501586914062,,,
GGATCCGGATTATAGACCGATGGGCCTTCACCCGTGCGATTTACAGCTAGCTCAGTCCTAGGTATTATGCTAGCGCGATCAACAATATATCTCACGCGACTGAATTC,100.901237487793,84.29368591308594,11.557300027555431,19.74960422515869
,83.22885131835938,,,
,75.3014907836914,,,
,77.7431640625,,,
White Cells,62.89896774291992,64.54408168792725,1.4036821116410898,0.0
,64.58419036865234,,,
,66.32508850097656,,,
,64.36808013916016,,,
